{"_step":3929,"validation_loss":0.2842609135410454,"_wandb":{"runtime":9},"train_loss":0.10177971020012218,"validation_accuracy":91.66,"batch_loss":0.057061683386564255,"_timestamp":1.748869450761607e+09,"_runtime":9.081634,"batch_accuracy":0.9750000238418579}
